firstname,,white weight
MICHAEL,56176,56176
JOHN,104968,48792
ROBERT,150579,45611
DAVID,195411,44832
JAMES,238396,42985
WILLIAM,268581,30185
RICHARD,295784,27203
THOMAS,322072,26288
MARK,345116,23044
JOSEPH,365545,20429
CHRISTOPHER,385179,19634
DANIEL,404069,18890
STEVEN,421977,17908
JEFFREY,439777,17800
BRIAN,457384,17607
PAUL,473548,16164
MATTHEW,488457,14909
CHARLES,503317,14860
SCOTT,517811,14494
TIMOTHY,531738,13927
KEVIN,545408,13670
STEPHEN,558830,13422
GARY,570412,11582
KENNETH,581951,11539
DONALD,593412,11461
JASON,604463,11051
RONALD,615471,11008
ANDREW,625673,10202
GREGORY,635528,9855
ERIC,645233,9705
PETER,654450,9217
EDWARD,663472,9022
ANTHONY,672170,8698
DOUGLAS,680400,8230
GEORGE,688451,8051
PATRICK,696486,8035
DENNIS,703666,7180
RYAN,709898,6232
LARRY,715911,6013
JONATHAN,721770,5859
FRANK,727511,5741
TODD,733111,5600
CRAIG,738258,5147
BRUCE,743368,5110
KEITH,748475,5107
JOSHUA,753531,5056
ADAM,758073,4542
NICHOLAS,762513,4440
ALAN,766946,4433
RAYMOND,771349,4403
LAWRENCE,775511,4162
PHILIP,779617,4106
ROGER,783676,4059
GERALD,787719,4043
JUSTIN,791584,3865
JERRY,795396,3812
SEAN,799113,3717
BENJAMIN,802717,3604
BRADLEY,806294,3577
JEREMY,809756,3462
BRYAN,813207,3451
AARON,816546,3339
CARL,819685,3139
RUSSELL,822822,3137
WAYNE,825948,3126
CHAD,829028,3080
SHAWN,832077,3049
JACK,835111,3034
MARTIN,838092,2981
DALE,841050,2958
JAMIE,843867,2817
RANDY,846658,2791
JON,849435,2777
RANDALL,852154,2719
PHILLIP,854863,2709
NATHAN,857564,2701
WALTER,860264,2700
GLENN,862837,2573
MARC,865378,2541
JOEL,867867,2489
STEVE,870341,2474
BRANDON,872807,2466
SAMUEL,875223,2416
JAY,877637,2414
ARTHUR,880048,2411
KYLE,882444,2396
BARRY,884836,2392
CHRIS,887128,2292
VINCENT,889418,2290
LEE,891672,2254
RALPH,893868,2196
LOUIS,896027,2159
FREDERICK,898172,2145
HAROLD,900250,2078
DEAN,902314,2064
BRENT,904364,2050
HOWARD,906377,2013
BRETT,908296,1919
JEFFERY,910164,1868
FRANCIS,912030,1866
EUGENE,913883,1853
RODNEY,915736,1853
HENRY,917568,1832
ALEXANDER,919400,1832
JEFF,921231,1831
ALBERT,923052,1821
JACOB,924853,1801
TRAVIS,926651,1798
ROY,928438,1787
TROY,930184,1746
DEREK,931912,1728
STANLEY,933636,1724
ALLEN,935332,1696
CURTIS,936984,1652
KURT,938622,1638
HARRY,940246,1624
LEONARD,941866,1620
THEODORE,943430,1564
JESSE,944992,1562
FRED,946550,1558
DANNY,948103,1553
ERIK,949652,1549
NORMAN,951157,1505
GREG,952629,1472
BRAD,954033,1404
NEIL,955431,1398
VICTOR,956805,1374
KARL,958137,1332
KERRY,959469,1332
JAN,960765,1296
SHANE,962052,1287
GORDON,963334,1282
RICK,964611,1277
CHRISTIAN,965863,1252
JOE,967107,1244
GLEN,968314,1207
MITCHELL,969518,1204
LANCE,970687,1169
DAN,971852,1165
JARED,973007,1155
DUSTIN,974151,1144
STUART,975288,1137
TRACEY,976409,1121
DARREN,977523,1114
DON,978621,1098
KENT,979702,1081
KIRK,980783,1081
IAN,981859,1076
BILLY,982932,1073
ZACHARY,984003,1071
TONY,985068,1065
CLIFFORD,986132,1064
DUANE,987194,1062
BERNARD,988245,1051
ERNEST,989291,1046
WARREN,990337,1046
WESLEY,991377,1040
TYLER,992414,1037
DARRELL,993442,1028
GEOFFREY,994463,1021
JEROME,995466,1003
RICKY,996467,1001
EDWIN,997463,996
ALLAN,998444,981
ALFRED,999382,938
JIMMY,1000294,912
CORY,1001198,904
TIM,1002094,896
SETH,1002990,896
MARVIN,1003885,895
MIKE,1004769,884
ALEX,1005652,883
BOBBY,1006533,881
GUY,1007359,826
EARL,1008177,818
ROSS,1008994,817
GREGG,1009793,799
RAY,1010588,795
TOM,1011377,789
GENE,1012157,780
GERARD,1012935,778
HERBERT,1013697,762
GRANT,1014411,714
JAIME,1015112,701
JORDAN,1015796,684
RONNIE,1016479,683
TED,1017160,681
JIM,1017830,670
MARION,1018495,665
MELVIN,1019159,664
LLOYD,1019820,661
MARCUS,1020479,659
SALVATORE,1021136,657
JOHNNY,1021792,656
SHAUN,1022447,655
NEAL,1023093,646
LUKE,1023725,632
LEWIS,1024352,627
JOSE,1024978,626
TERRENCE,1025601,623
ANTONIO,1026221,620
TREVOR,1026836,615
DARYL,1027440,604
COLIN,1028036,596
CLINTON,1028620,584
CLAYTON,1029176,556
HUGH,1029729,553
BLAKE,1030279,550
BRADFORD,1030826,547
FRANKLIN,1031366,540
MARIO,1031904,538
WADE,1032440,536
DARIN,1032975,535
NATHANIEL,1033508,533
SAM,1034039,531
RON,1034566,527
PERRY,1035092,526
CAMERON,1035617,525
DARRYL,1036136,519
TOMMY,1036654,518
HARVEY,1037171,517
BRENDAN,1037684,513
DOMINIC,1038196,512
VERNON,1038703,507
LEON,1039208,505
MATT,1039709,501
BILL,1040203,494
DWIGHT,1040695,492
BEN,1041183,488
CLARENCE,1041667,484
GABRIEL,1042149,482
CODY,1042630,481
ARNOLD,1043110,480
MARSHALL,1043586,476
ROLAND,1044059,473
NICK,1044525,466
JEREMIAH,1044983,458
LAURENCE,1045440,457
BYRON,1045895,455
MATHEW,1046347,452
GILBERT,1046788,441
GARRETT,1047228,440
CALVIN,1047666,438
IVAN,1048096,430
RANDAL,1048526,430
LEROY,1048954,428
KRISTOPHER,1049382,428
LESTER,1049809,427
ADRIAN,1050235,426
DREW,1050660,425
KEN,1051083,423
MAX,1051502,419
DOUG,1051921,419
FLOYD,1052335,414
RANDOLPH,1052747,412
BRET,1053156,409
LUCAS,1053556,400
REX,1053953,397
TERENCE,1054349,396
GARRY,1054742,393
JOSH,1055129,387
CARLOS,1055515,386
SPENCER,1055900,385
EDMUND,1056279,379
TERRANCE,1056651,372
ALVIN,1057022,371
DAVE,1057393,371
SIMON,1057758,365
LYLE,1058123,365
DWAYNE,1058487,364
CLARK,1058847,360
MANUEL,1059203,356
DENIS,1059557,354
AUSTIN,1059907,350
EDDIE,1060254,347
CHESTER,1060601,347
VLADIMIR,1060948,347
CLINT,1061291,343
ANDRE,1061631,340
DAMON,1061969,338
EDGAR,1062299,330
DERRICK,1062629,330
NELSON,1062951,322
MILTON,1063270,319
STEWART,1063589,319
SCOT,1063901,312
TAYLOR,1064212,311
CURT,1064518,306
TRENT,1064823,305
WALLACE,1065125,302
STEPHAN,1065423,298
LUIS,1065719,296
CLAY,1066013,294
ANDY,1066306,293
DARRIN,1066596,290
MOHAMMAD,1066884,288
DEVIN,1067171,287
HANS,1067456,285
IGOR,1067737,281
JESSIE,1068012,275
MARTY,1068287,275
JERALD,1068562,275
BART,1068831,269
GRAHAM,1069095,264
CLIFTON,1069355,260
EVERETT,1069611,256
BORIS,1069867,256
MALCOLM,1070119,252
SHELDON,1070370,251
ROMAN,1070620,250
OWEN,1070870,250
FORREST,1071114,244
JONATHON,1071357,243
STEFAN,1071599,242
NOAH,1071841,242
ETHAN,1072082,241
RICKEY,1072320,238
DOMINICK,1072557,237
HEATH,1072791,234
FREDRICK,1073023,232
LOWELL,1073255,232
HERMAN,1073485,230
RORY,1073715,230
MARCO,1073943,228
ISAAC,1074171,228
JOEY,1074399,228
PRESTON,1074627,228
WILLARD,1074855,228
LELAND,1075082,227
JEFFRY,1075308,226
BRYCE,1075534,226
CALEB,1075759,225
MYRON,1075982,223
MORRIS,1076204,222
BOB,1076423,219
VIRGIL,1076640,217
MONTE,1076853,213
RODGER,1077060,207
OLIVER,1077266,206
CONRAD,1077472,206
SERGEY,1077677,205
MILES,1077879,202
ERICK,1078077,198
BLAINE,1078275,198
DIRK,1078473,198
ABRAHAM,1078670,197
DALLAS,1078867,197
RODERICK,1079063,196
DANE,1079259,196
NICOLAS,1079453,194
PAT,1079647,194
CARLTON,1079840,193
ROCCO,1080033,193
TY,1080224,191
KENNY,1080414,190
DYLAN,1080603,189
ERICH,1080792,189
WENDELL,1080979,187
BRADY,1081166,187
LOU,1081352,186
REED,1081537,185
GAVIN,1081721,184
FREDERIC,1081904,183
JARROD,1082087,183
BOYD,1082270,183
JUAN,1082451,181
ALEKSANDR,1082632,181
OSCAR,1082811,179
KURTIS,1082990,179
BERT,1083168,178
DELBERT,1083346,178
TYSON,1083523,177
ANDRZEJ,1083700,177
DEVON,1083875,175
EMIL,1084046,171
JORGE,1084216,170
WILLIE,1084386,170
PETE,1084556,170
DARREL,1084726,170
MIKHAIL,1084896,170
MICKEY,1085065,169
ELLIOTT,1085230,165
VANCE,1085395,165
MURRAY,1085560,165
STAN,1085724,164
FRANCISCO,1085887,163
ELI,1086050,163
ANTON,1086213,163
VITO,1086376,163
ELLIOT,1086538,162
DAMIAN,1086699,161
ROBERTO,1086859,160
GIUSEPPE,1087019,160
BROCK,1087179,160
JAKE,1087338,159
TOD,1087497,159
HAL,1087655,158
AMIR,1087812,157
PHIL,1087969,157
ANDREAS,1088126,157
JESS,1088282,156
MOHAMMED,1088436,154
REGINALD,1088589,153
MOHAMED,1088742,153
PASQUALE,1088895,153
EDMOND,1089046,151
JAYSON,1089197,151
RICARDO,1089347,150
LEVI,1089497,150
BROOKS,1089647,150
BRYON,1089796,149
JOHNATHAN,1089944,148
MICHEAL,1090092,148
BARTON,1090240,148
PIERRE,1090387,147
BEAU,1090534,147
FERNANDO,1090679,145
LEONID,1090824,145
MONTY,1090968,144
HUBERT,1091110,142
VINCE,1091251,141
SERGIO,1091391,140
RUDOLPH,1091531,140
THADDEUS,1091670,139
DOYLE,1091809,139
ROB,1091948,139
KRZYSZTOF,1092087,139
FELIX,1092225,138
GARTH,1092362,137
OLEG,1092499,137
ELIAS,1092635,136
BRYANT,1092771,136
BURTON,1092907,136
ROD,1093042,135
LON,1093177,135
GALEN,1093312,135
JEFFERSON,1093446,134
WILLIS,1093580,134
CHASE,1093714,134
DUNCAN,1093848,134
RUBEN,1093980,132
RUDY,1094112,132
WILSON,1094243,131
COLE,1094374,131
CARTER,1094504,130
BENNY,1094633,129
NORBERT,1094762,129
PIOTR,1094891,129
REID,1095019,128
PAVEL,1095147,128
GIOVANNI,1095274,127
AUGUST,1095400,126
ROCKY,1095525,125
DAREN,1095650,125
KIRBY,1095775,125
JED,1095899,124
WARD,1096020,121
CARLO,1096139,119
DINO,1096258,119
COLLIN,1096377,119
TEDDY,1096495,118
BRUNO,1096613,118
HARLAN,1096731,118
FRANCESCO,1096849,118
KIP,1096967,118
JULIUS,1097084,117
SEBASTIAN,1097201,117
DARWIN,1097318,117
KORY,1097435,117
CHADWICK,1097552,117
HUNTER,1097669,117
AHMED,1097784,115
NOLAN,1097899,115
HARLEY,1098014,115
COLBY,1098129,115
CARMINE,1098244,115
ELDON,1098359,115
RAMON,1098471,112
ED,1098583,112
VAUGHN,1098695,112
AHMAD,1098805,110
MARCEL,1098915,110
ANDREY,1099025,110
JERROLD,1099135,110
GRADY,1099244,109
MIGUEL,1099352,108
MAREK,1099460,108
JACQUES,1099567,107
MALGORZATA,1099674,107
SHERMAN,1099780,106
WILBUR,1099886,106
DONOVAN,1099992,106
LARS,1100098,106
KATARZYNA,1100204,106
NED,1100309,105
DEWEY,1100414,105
THAD,1100519,105
DAMIEN,1100623,104
BENNETT,1100727,104
VADIM,1100831,104
DOMENIC,1100935,104
JACKSON,1101038,103
FREDRIC,1101140,102
LUTHER,1101241,101
TAD,1101342,101
INNA,1101443,101
STANISLAW,1101544,101
SAMIR,1101644,100
CLIFF,1101744,100
MASON,1101844,100
NICKOLAS,1101944,100
AGNIESZKA,1102044,100
YURIY,1102144,100
ZBIGNIEW,1102244,100
RAFAEL,1102343,99
HOMER,1102442,99
DENNY,1102541,99
RUSSEL,1102640,99
VINCENZO,1102739,99
TOMASZ,1102838,99
OMAR,1102936,98
ABDUL,1103034,98
ORVILLE,1103132,98
CONSTANTINE,1103230,98
HAMID,1103327,97
ALEC,1103424,97
REZA,1103520,96
PHILIPPE,1103616,96
JOSEF,1103712,96
FREDDIE,1103807,95
EDUARDO,1103901,94
ALTON,1103995,94
BRANT,1104089,94
WINSTON,1104182,93
CORNELIUS,1104275,93
WILL,1104368,93
GINO,1104461,93
RUSTY,1104554,93
OKSANA,1104647,93
CHUCK,1104739,92
SANFORD,1104831,92
DONN,1104923,92
KLAUS,1105015,92
ZANE,1105106,91
VIKTOR,1105197,91
LUIGI,1105288,91
PEDRO,1105378,90
STERLING,1105468,90
WYATT,1105558,90
RUSS,1105648,90
NIKOLAY,1105738,90
LYUDMILA,1105827,89
DMITRY,1105916,89
GUS,1106004,88
GEOFF,1106092,88
LEIF,1106180,88
ELLIS,1106267,87
MARKUS,1106354,87
NATALYA,1106441,87
BARRETT,1106528,87
LIONEL,1106614,86
ERWIN,1106700,86
IRWIN,1106786,86
MILAN,1106872,86
ARCHIE,1106957,85
NADER,1107042,85
JOHANNES,1107127,85
KENTON,1107212,85
LANDON,1107297,85
EMMANUEL,1107381,84
HORACE,1107465,84
PAWEL,1107549,84
DMITRIY,1107633,84
ANATOLIY,1107717,84
SAUL,1107800,83
TYRONE,1107883,83
WILFRED,1107966,83
DEWAYNE,1108048,82
JARRETT,1108130,82
NABIL,1108212,82
ARMEN,1108294,82
JEROLD,1108376,82
BRICE,1108457,81
ROLF,1108538,81
GARLAND,1108618,80
LANNY,1108698,80
KRAIG,1108778,80
MUHAMMAD,1108857,79
JOAO,1108936,79
NIGEL,1109015,79
ARON,1109094,79
TRENTON,1109173,79
JOZEF,1109252,79
RHETT,1109331,79
ARMANDO,1109409,78
ERNIE,1109487,78
IRVIN,1109565,78
MOSHE,1109643,78
TOMAS,1109720,77
MOHAMAD,1109797,77
MAXWELL,1109874,77
BOGDAN,1109951,77
ALAIN,1110027,76
JONAS,1110103,76
TOBIAS,1110179,76
MYLES,1110255,76
LORIN,1110331,76
CARSON,1110407,76
MITCH,1110483,76
JUDSON,1110559,76
JERZY,1110635,76
ALBERTO,1110710,75
OTTO,1110785,75
EMANUEL,1110859,74
HASSAN,1110933,74
LINCOLN,1111007,74
QUENTIN,1111081,74
HARRIS,1111155,74
JESUS,1111228,73
ALFREDO,1111301,73
IRVING,1111374,73
ANTONY,1111447,73
EMMETT,1111520,73
WOODROW,1111593,73
MIKEL,1111666,73
MITCHEL,1111739,73
DARIUSZ,1111812,73
WOLFGANG,1111885,73
RAUL,1111957,72
ANDREI,1112029,72
WOJCIECH,1112101,72
DANTE,1112172,71
WESTON,1112243,71
MACK,1112313,70
RANDELL,1112383,70
GERHARD,1112453,70
BRADLY,1112523,70
DION,1112592,69
MERLIN,1112661,69
SCOTTY,1112730,69
RAND,1112799,69
BOZENA,1112868,69
GRZEGORZ,1112937,69
SYED,1113005,68
CYRUS,1113073,68
BASIL,1113141,68
ALIREZA,1113209,68
TADEUSZ,1113277,68
ARTUR,1113345,68
JACEK,1113413,68
MARCIN,1113481,68
NATALIYA,1113549,68
AMOS,1113616,67
ERVIN,1113683,67
AL,1113750,67
FRANCO,1113817,67
ALEXANDRE,1113884,67
OTIS,1113950,66
CHANCE,1114016,66
ARI,1114082,66
KRISTOFER,1114148,66
KELVIN,1114213,65
TERRELL,1114278,65
ARMAND,1114343,65
VERN,1114408,65
ROBBY,1114473,65
ROBB,1114538,65
ILYA,1114603,65
JOLANTA,1114668,65
BRADEN,1114733,65
ISRAEL,1114797,64
VALENTIN,1114861,64
CLEMENT,1114925,64
REUBEN,1114989,64
MAHMOUD,1115053,64
GARRET,1115117,64
NATHANAEL,1115181,64
EDUARD,1115245,64
LIAM,1115309,64
RICH,1115373,64
JUDD,1115437,64
MARIUSZ,1115501,64
ALFONSO,1115564,63
HUGO,1115627,63
PAULO,1115690,63
YEVGENIY,1115753,63
GAETANO,1115815,62
ANDRES,1115876,61
BENEDICT,1115937,61
BURT,1115998,61
KERMIT,1116059,61
MORTON,1116120,61
WERNER,1116181,61
HECTOR,1116241,60
GIL,1116301,60
LES,1116361,60
DIETER,1116421,60
CHRISTOS,1116481,60
IOAN,1116541,60
LONNY,1116601,60
LORENZO,1116660,59
CLAUDIO,1116719,59
JOSIAH,1116778,59
CHET,1116837,59
DIMITRI,1116896,59
PARKER,1116955,59
BRENDON,1117014,59
SARKIS,1117073,59
JAMISON,1117132,59
KIERAN,1117191,59
JENS,1117250,59
AMIT,1117308,58
KAMAL,1117366,58
HARRISON,1117424,58
SAMER,1117482,58
TIMMY,1117540,58
RILEY,1117598,58
ELWOOD,1117656,58
BUDDY,1117714,58
MATTHIAS,1117772,58
EARLE,1117830,58
WELDON,1117888,58
DOROTA,1117946,58
ELZBIETA,1118004,58
BRENNAN,1118062,58
BRENTON,1118120,58
ALEJANDRO,1118177,57
CRISTIAN,1118234,57
MEHDI,1118291,57
SERGE,1118348,57
RUDOLF,1118405,57
JERROD,1118462,57
JERE,1118519,57
SHAD,1118576,57
LYUBOV,1118633,57
ARTURO,1118689,56
ART,1118745,56
PAOLO,1118801,56
DEL,1118857,56
DIMITRIOS,1118913,56
PETR,1118969,56
CHRISTOPHE,1119025,56
BRITTON,1119081,56
NILS,1119137,56
JAROSLAW,1119193,56
RAJESH,1119248,55
LEONARDO,1119303,55
ANTOINE,1119358,55
RAPHAEL,1119413,55
ADEL,1119468,55
ELTON,1119523,55
MEL,1119578,55
DOMENICO,1119633,55
TOBIN,1119688,55
OREN,1119743,55
GRAEME,1119798,55
RYSZARD,1119853,55
JULIO,1119907,54
DAVIS,1119961,54
DICK,1120015,54
LAMAR,1120069,54
JONAH,1120123,54
BRANDT,1120177,54
ELIJAH,1120230,53
IBRAHIM,1120283,53
RONNY,1120336,53
DERICK,1120389,53
JANUSZ,1120442,53
SLAWOMIR,1120495,53
SAMI,1120547,52
JOHAN,1120599,52
FOREST,1120651,52
BERNHARD,1120703,52
JAROD,1120755,52
ZORAN,1120807,52
GERARDO,1120858,51
MUSTAFA,1120909,51
MOHSEN,1120960,51
THERON,1121011,51
ALLYN,1121062,51
ARIC,1121113,51
TANNER,1121164,51
STEVAN,1121215,51
ANDERS,1121266,51
LASZLO,1121317,51
MARIYA,1121368,51
YULIYA,1121419,51
ELBERT,1121469,50
EARNEST,1121519,50
EMILE,1121569,50
RAMIN,1121619,50
JULES,1121669,50
ZACHARIAH,1121719,50
KONSTANTIN,1121769,50
ALEKSEY,1121819,50
DOUGLASS,1121869,50
SVEN,1121919,50
BARNEY,1121968,49
FARHAD,1122017,49
GROVER,1122066,49
GUIDO,1122115,49
EMERY,1122164,49
KEVEN,1122213,49
MANFRED,1122262,49
VITALIY,1122311,49
NIKOLAOS,1122360,49
ZACH,1122409,49
ANETA,1122458,49
DEMETRIOS,1122507,49
JAVIER,1122555,48
EDDY,1122603,48
JAMAL,1122651,48
DARIUS,1122699,48
FRANCOIS,1122747,48
DUDLEY,1122795,48
TAREK,1122843,48
SANTO,1122891,48
LOYD,1122939,48
MAYNARD,1122987,48
PIETRO,1123035,48
BRANDEN,1123083,48
CESAR,1123130,47
KAI,1123177,47
DEXTER,1123224,47
DESMOND,1123271,47
HOSSEIN,1123318,47
MILLARD,1123365,47
TRUMAN,1123412,47
WALDEMAR,1123459,47
KONSTANTINOS,1123506,47
AGATA,1123553,47
RANDEL,1123600,47
STEFANO,1123647,47
ALEKSANDRA,1123694,47
CONOR,1123741,47
IAIN,1123788,47
BASSAM,1123834,46
JARRED,1123880,46
PIETER,1123926,46
WIESLAW,1123972,46
CARMELO,1124017,45
KARIM,1124062,45
CYRIL,1124107,45
MILO,1124152,45
MARIUS,1124197,45
ROLLAND,1124242,45
VALERIY,1124287,45
ERNESTO,1124331,44
GUSTAVO,1124375,44
ADNAN,1124419,44
DALTON,1124463,44
ASHRAF,1124507,44
SEYMOUR,1124551,44
EMORY,1124595,44
ARLEN,1124639,44
MERRITT,1124683,44
RALF,1124727,44
STANISLAV,1124771,44
KAMRAN,1124814,43
CLIVE,1124857,43
SAID,1124900,43
ARDEN,1124943,43
WILEY,1124986,43
NORMAND,1125029,43
ENRIQUE,1125071,42
ALDO,1125113,42
MOSES,1125155,42
RUFUS,1125197,42
EMAD,1125239,42
EZRA,1125281,42
ROYAL,1125323,42
GARETH,1125365,42
LAURENT,1125407,42
GHASSAN,1125449,42
ELIE,1125491,42
DILLON,1125533,42
HEINZ,1125575,42
THOR,1125617,42
GENNARO,1125659,42
IWONA,1125701,42
LYMAN,1125743,42
MASSIMO,1125785,42
ABEL,1125826,41
EMILIO,1125867,41
SOLOMON,1125908,41
ELVIN,1125949,41
SAEED,1125990,41
ABBAS,1126031,41
ENRICO,1126072,41
MAJID,1126113,41
YOUSSEF,1126154,41
LEVON,1126195,41
JOHNATHON,1126236,41
ANGUS,1126277,41
WES,1126318,41
SERGEI,1126359,41
JEROD,1126400,41
WALT,1126441,41
BJORN,1126482,41
GORAN,1126523,41
SONNY,1126563,40
WILBERT,1126603,40
ERROL,1126643,40
KHALID,1126683,40
JASPER,1126723,40
FARID,1126763,40
DONNY,1126803,40
ALPHONSE,1126843,40
DWAIN,1126883,40
ZOLTAN,1126923,40
MEHRDAD,1126963,40
ALESSANDRO,1127003,40
MILENA,1127043,40
FADI,1127083,40
CHANDLER,1127123,40
ANATOLY,1127163,40
YANA,1127203,40
SALVADOR,1127242,39
ORLANDO,1127281,39
ANIL,1127320,39
SUNIL,1127359,39
RAVI,1127398,39
RAMESH,1127437,39
MARLON,1127476,39
AJAY,1127515,39
RUI,1127554,39
FERDINAND,1127593,39
KHALED,1127632,39
MERVIN,1127671,39
FRITZ,1127710,39
DENVER,1127749,39
KOREY,1127788,39
DELMAR,1127827,39
NIKOLAS,1127866,39
ROCK,1127905,39
CLARKE,1127944,39
GILES,1127983,39
KIRT,1128022,39
DERIK,1128061,39
VASILIOS,1128100,39
DONAL,1128139,39
MACIEJ,1128178,39
MIROSLAW,1128217,39
RODOLFO,1128255,38
STANFORD,1128293,38
ELIOT,1128331,38
LORNE,1128369,38
ARNE,1128407,38
FLORIAN,1128445,38
COLEMAN,1128483,38
MARKO,1128521,38
VASILE,1128559,38
RALEIGH,1128597,38
ATHANASIOS,1128635,38
IRYNA,1128673,38
NADEZHDA,1128711,38
PER,1128749,38
RUSLAN,1128787,38
MARCOS,1128824,37
SURESH,1128861,37
RENATO,1128898,37
LUCIANO,1128935,37
REGGIE,1128972,37
DARRICK,1129009,37
PASCAL,1129046,37
WARNER,1129083,37
HANY,1129120,37
KRISTOFFER,1129157,37
DARON,1129194,37
CURTISS,1129231,37
COY,1129268,37
BRIEN,1129305,37
GAYLORD,1129342,37
VAHE,1129379,37
CEDRIC,1129415,36
DARIO,1129451,36
FABIO,1129487,36
SILAS,1129523,36
LYNDON,1129559,36
MASOUD,1129595,36
BARTHOLOMEW,1129631,36
JOHANN,1129667,36
ROLLIN,1129703,36
ARAM,1129739,36
CHRISTOPH,1129775,36
LILIYA,1129811,36
DMITRI,1129847,36
PANAGIOTIS,1129883,36
VASILIY,1129919,36
GHEORGHE,1129955,36
ILAN,1129991,36
MAXIM,1130027,36
REESE,1130063,36
TUCKER,1130099,36
SANJAY,1130134,35
VIJAY,1130169,35
XAVIER,1130204,35
LAMONT,1130239,35
EMERSON,1130274,35
LEN,1130309,35
MELVYN,1130344,35
WALLY,1130379,35
ANI,1130414,35
RAMI,1130449,35
LUCIEN,1130484,35
GREGGORY,1130519,35
BENTON,1130554,35
KONRAD,1130589,35
TEDD,1130624,35
HENRIK,1130659,35
COLTON,1130694,35
EKATERINA,1130729,35
MICAHEL,1130764,35
VLADISLAV,1130799,35
VYACHESLAV,1130834,35
YAKOV,1130869,35
ALVARO,1130903,34
HUSSEIN,1130937,34
MARIKA,1130971,34
KHALIL,1131005,34
ABRAM,1131039,34
GIDEON,1131073,34
STANTON,1131107,34
MAHER,1131141,34
WALID,1131175,34
JEFFEREY,1131209,34
RAFAL,1131243,34
AVI,1131277,34
HOYT,1131311,34
VERONIKA,1131345,34
LESZEK,1131379,34
MIHAI,1131413,34
ANTONELLA,1131447,34
DRAGAN,1131481,34
JACE,1131515,34
WALKER,1131549,34
MURAT,1131583,34
NILES,1131617,34
TAL,1131651,34
ANDRIY,1131685,34
AVIVA,1131719,34
KAZIMIERZ,1131753,34
KEVAN,1131787,34
NIELS,1131821,34
GUILLERMO,1131854,33
PABLO,1131887,33
ROMEO,1131920,33
BO,1131953,33
KRISHNA,1131986,33
ARUN,1132019,33
MARCELO,1132052,33
SYLVESTER,1132085,33
NORRIS,1132118,33
ROSCOE,1132151,33
VON,1132184,33
OMER,1132217,33
MEHMET,1132250,33
BAHRAM,1132283,33
RIMA,1132316,33
BRYN,1132349,33
NICOLAE,1132382,33
JASEN,1132415,33
KATERINA,1132448,33
MIHAELA,1132481,33
MONTGOMERY,1132514,33
VERNE,1132547,33
DANIAL,1132580,33
LUKASZ,1132613,33
FREDDY,1132645,32
HANK,1132677,32
GLYNN,1132709,32
TIBOR,1132741,32
MAHA,1132773,32
BRYSON,1132805,32
LUCIAN,1132837,32
DENTON,1132869,32
JEDIDIAH,1132901,32
RAFFI,1132933,32
ALEKSANDER,1132965,32
IOANNIS,1132997,32
LUDMILA,1133029,32
ZACHERY,1133061,32
BARTLEY,1133093,32
HELMUT,1133125,32
JUERGEN,1133157,32
MAKSIM,1133189,32
NATE,1133221,32
MAHMOOD,1133252,31
SAL,1133283,31
HASAN,1133314,31
HENRI,1133345,31
ADOLPH,1133376,31
NASSER,1133407,31
DARRON,1133438,31
FRANZ,1133469,31
NEVIN,1133500,31
AFSHIN,1133531,31
BIJAN,1133562,31
SHON,1133593,31
CORBIN,1133624,31
NIKOLAI,1133655,31
ALICJA,1133686,31
DRU,1133717,31
GENNADY,1133748,31
LIESL,1133779,31
SEAMUS,1133810,31
DIEGO,1133840,30
ASHOK,1133870,30
ANAND,1133900,30
RAM,1133930,30
AMIN,1133960,30
AZIZ,1133990,30
CHARLEY,1134020,30
GARRICK,1134050,30
ASA,1134080,30
DWAINE,1134110,30
HARALD,1134140,30
BABAK,1134170,30
BRION,1134200,30
HERB,1134230,30
TREY,1134260,30
OLIN,1134290,30
RIAN,1134320,30
SANDOR,1134350,30
BUD,1134380,30
DAX,1134410,30
ALEKSANDAR,1134440,30
ALEXEI,1134470,30
DOMENICK,1134500,30
KATRIN,1134530,30
NIALL,1134560,30
ROLANDO,1134589,29
SHERWIN,1134618,29
REYNOLD,1134647,29
ANTONINO,1134676,29
LENNY,1134705,29
IMAD,1134734,29
ALDEN,1134763,29
ZENON,1134792,29
OLIVIER,1134821,29
TERRILL,1134850,29
KAMBIZ,1134879,29
BLAISE,1134908,29
HANAN,1134937,29
MEHRAN,1134966,29
ALON,1134995,29
CRISTOPHER,1135024,29
JOAQUIM,1135053,29
ZACK,1135082,29
CARLETON,1135111,29
DERON,1135140,29
SHERWOOD,1135169,29
TRACE,1135198,29
AHMET,1135227,29
BEATE,1135256,29
FLORIN,1135285,29
JERAD,1135314,29
RAINER,1135343,29
SHAHRAM,1135372,29
COBY,1135401,29
VOLODYMYR,1135430,29
ZHANNA,1135459,29
LUKAS,1135488,29
MIRCEA,1135517,29
MIRELA,1135546,29
SHLOMO,1135575,29
RAHUL,1135603,28
MAURO,1135631,28
ALONZO,1135659,28
HIRAM,1135687,28
WILMER,1135715,28
DUKE,1135743,28
ABDULLAH,1135771,28
MITRA,1135799,28
BERTRAND,1135827,28
HABIB,1135855,28
DONATO,1135883,28
NEWTON,1135911,28
MAGDY,1135939,28
ZAHRA,1135967,28
PARVIZ,1135995,28
CREIGHTON,1136023,28
DAVIN,1136051,28
RANIA,1136079,28
ALEN,1136107,28
ARMIN,1136135,28
BURKE,1136163,28
TATE,1136191,28
PEYTON,1136219,28
ALEXANDRU,1136247,28
CASIMIR,1136275,28
WILBURN,1136303,28
BOHDAN,1136331,28
GRIGOR,1136359,28
HENRYK,1136387,28
JELENA,1136415,28
LORILEE,1136443,28
VITALY,1136471,28
BERTRAM,1136498,27
NEVILLE,1136525,27
AUGUSTUS,1136552,27
DARIAN,1136579,27
TORREY,1136606,27
MANSOUR,1136633,27
HOUSTON,1136660,27
ARLYN,1136687,27
JULIEN,1136714,27
THIERRY,1136741,27
DEWITT,1136768,27
MAURY,1136795,27
CARLIN,1136822,27
BUFORD,1136849,27
CONSTANTIN,1136876,27
MAZEN,1136903,27
SIAMAK,1136930,27
TYE,1136957,27
DRAKE,1136984,27
LUCA,1137011,27
ARKADIUSZ,1137038,27
BETHANNE,1137065,27
DORON,1137092,27
EVANGELOS,1137119,27
GUNNAR,1137146,27
KEEGAN,1137173,27
MARZENA,1137200,27
RODRIGO,1137226,26
RAKESH,1137252,26
SANDEEP,1137278,26
FABIAN,1137304,26
LINWOOD,1137330,26
WILFORD,1137356,26
HANI,1137382,26
DERIC,1137408,26
LENARD,1137434,26
MARCELLO,1137460,26
BAHMAN,1137486,26
RAFI,1137512,26
ELDEN,1137538,26
ALISTAIR,1137564,26
GILLES,1137590,26
GORDANA,1137616,26
GRAYSON,1137642,26
JEROMY,1137668,26
SALIM,1137693,25
DAMION,1137718,25
LEIGHTON,1137743,25
THURMAN,1137768,25
ARASH,1137793,25
KENYON,1137818,25
BRANNON,1137843,25
MARTYN,1137868,25
SAVERIO,1137893,25
SKYLER,1137918,25
VASYL,1137943,25
IGNACIO,1137967,24
ISMAEL,1137991,24
FEDERICO,1138015,24
SILVIO,1138039,24
YVES,1138063,24
ERNST,1138087,24
MAC,1138111,24
SHAHIN,1138135,24
RITCHIE,1138159,24
ISSA,1138183,24
HISHAM,1138207,24
HAYDEN,1138231,24
HERVE,1138255,24
FLETCHER,1138279,24
BENEDETTO,1138303,24
DOV,1138327,24
IOANA,1138351,24
JEB,1138375,24
KIMBALL,1138399,24
MARIJO,1138423,24
PETAR,1138447,24
RAFFAELE,1138471,24
WYNNE,1138495,24
GERMAN,1138518,23
DEEPAK,1138541,23
VIVEK,1138564,23
DONNELL,1138587,23
SEYED,1138610,23
RICHIE,1138633,23
FRANKLYN,1138656,23
RICHMOND,1138679,23
OMID,1138702,23
CORDELL,1138725,23
ABE,1138748,23
GIANCARLO,1138771,23
ARKADY,1138794,23
BIRGITTA,1138817,23
HORST,1138840,23
JOERG,1138863,23
JORY,1138886,23
MORDECHAI,1138909,23
NANCEE,1138932,23
NORM,1138955,23
OLE,1138978,23
SCHUYLER,1139001,23
SIEGFRIED,1139024,23
VASILIKI,1139047,23
GILBERTO,1139069,22
ISAIAH,1139091,22
QUINTON,1139113,22
LESLY,1139135,22
QUINTIN,1139157,22
ISMAIL,1139179,22
LUC,1139201,22
AMER,1139223,22
AXEL,1139245,22
MOSTAFA,1139267,22
BARRON,1139289,22
BOGUSLAW,1139311,22
BRODY,1139333,22
CALE,1139355,22
COLM,1139377,22
COSMO,1139399,22
GRAIG,1139421,22
JUDAH,1139443,22
KARLI,1139465,22
KERIN,1139487,22
NICOLETTA,1139509,22
NIKOLA,1139531,22
OLENA,1139553,22
RUSTIN,1139575,22
SHADI,1139597,22
STEPAN,1139619,22
TAUNYA,1139641,22
URSZULA,1139663,22
RAJIV,1139684,21
TARIQ,1139705,21
FAISAL,1139726,21
RODRICK,1139747,21
ARVIN,1139768,21
SONA,1139789,21
RODERIC,1139810,21
ALEXEY,1139831,21
EYAL,1139852,21
GAYLEN,1139873,21
GIULIO,1139894,21
HASMIK,1139915,21
MATHIEU,1139936,21
MIECZYSLAW,1139957,21
MIKAEL,1139978,21
RONIT,1139999,21
SNEZANA,1140020,21
STAVROS,1140041,21
WENDE,1140062,21
YARON,1140083,21
YULIA,1140104,21
ZELJKO,1140125,21
SANTIAGO,1140145,20
SRINIVAS,1140165,20
MOHAN,1140185,20
RAJ,1140205,20
VINOD,1140225,20
SEEMA,1140245,20
DILIP,1140265,20
AMAR,1140285,20
JARVIS,1140305,20
JACKY,1140325,20
ANSON,1140345,20
JAMIL,1140365,20
PARVIN,1140385,20
ARLIE,1140405,20
ARNO,1140425,20
BRANKO,1140445,20
CINDEE,1140465,20
CLAUS,1140485,20
CLEVE,1140505,20
DECLAN,1140525,20
ELEFTHERIOS,1140545,20
ERAN,1140565,20
GARRISON,1140585,20
HENDRIK,1140605,20
LAURIN,1140625,20
LIOR,1140645,20
LJILJANA,1140665,20
LUCYNA,1140685,20
RODD,1140705,20
SLOBODAN,1140725,20
TETYANA,1140745,20
UWE,1140765,20
JOAQUIN,1140784,19
MANISH,1140803,19
SATISH,1140822,19
KIRAN,1140841,19
MARIANO,1140860,19
PRAKASH,1140879,19
ARVIND,1140898,19
GEETA,1140917,19
SAMEER,1140936,19
IMRAN,1140955,19
JUNIOR,1140974,19
BENSON,1140993,19
RUPERT,1141012,19
SIMEON,1141031,19
SHELTON,1141050,19
KENDRICK,1141069,19
ELIO,1141088,19
HAMILTON,1141107,19
KEENAN,1141126,19
ANCA,1141145,19
ANTJE,1141164,19
ARSEN,1141183,19
CADE,1141202,19
CEZARY,1141221,19
EDYTA,1141240,19
ELYSSA,1141259,19
GEORG,1141278,19
GERD,1141297,19
GLENNON,1141316,19
GRAYDON,1141335,19
GRIGORIY,1141354,19
GUNTHER,1141373,19
HAIM,1141392,19
IHOR,1141411,19
LARYSA,1141430,19
LIVIU,1141449,19
SHERYLE,1141468,19
SKY,1141487,19
STANISLAWA,1141506,19
TERYL,1141525,19
VIOLETTA,1141544,19
WIESLAWA,1141563,19
YONG,1141581,18
YAN,1141599,18
MAURICIO,1141617,18
ADOLFO,1141635,18
JAE,1141653,18
MAHESH,1141671,18
DINESH,1141689,18
ELVIS,1141707,18
PRAVEEN,1141725,18
SUNITA,1141743,18
EDISON,1141761,18
SATYA,1141779,18
MANDEEP,1141797,18
MAJOR,1141815,18
TITUS,1141833,18
ROMY,1141851,18
MONROE,1141869,18
ALASTAIR,1141887,18
ALEXANDR,1141905,18
BONNI,1141923,18
BUCK,1141941,18
CHRISTIANNE,1141959,18
CORRIN,1141977,18
COURTENAY,1141995,18
DORIT,1142013,18
FRIEDRICH,1142031,18
GAREN,1142049,18
GEORGI,1142067,18
JERRE,1142085,18
KATARINA,1142103,18
KAYLYN,1142121,18
KOSTAS,1142139,18
MARDI,1142157,18
MIHAIL,1142175,18
SHELAGH,1142193,18
TADD,1142211,18
UDO,1142229,18
DANILO,1142246,17
ASHISH,1142263,17
EUGENIO,1142280,17
RAJENDRA,1142297,17
BHARAT,1142314,17
KAM,1142331,17
RAJINDER,1142348,17
VIKAS,1142365,17
RANJIT,1142382,17
MARINO,1142399,17
EVANS,1142416,17
BRIDGIT,1142433,17
BRODIE,1142450,17
COLT,1142467,17
CORT,1142484,17
FARIBORZ,1142501,17
HAKOP,1142518,17
JODELL,1142535,17
KARALEE,1142552,17
KINGA,1142569,17
LEX,1142586,17
LIISA,1142603,17
MICHAELENE,1142620,17
MICHALE,1142637,17
MYKHAYLO,1142654,17
NIKOLAUS,1142671,17
PEDER,1142688,17
ROSWITHA,1142705,17
SKYLAR,1142722,17
SLOANE,1142739,17
SOREN,1142756,17
YEVGENIYA,1142773,17
ZDZISLAW,1142790,17
RAMIRO,1142806,16
HUMBERTO,1142822,16
WILFREDO,1142838,16
NESTOR,1142854,16
VENKATA,1142870,16
RAJAN,1142886,16
NEENA,1142902,16
RAOUL,1142918,16
CHAUNCEY,1142934,16
LUIZ,1142950,16
BRADD,1142966,16
CHANNING,1142982,16
CORBETT,1142998,16
DAREK,1143014,16
DELYNN,1143030,16
DORINA,1143046,16
ELWIN,1143062,16
FORD,1143078,16
JARETT,1143094,16
KALE,1143110,16
KALEN,1143126,16
KARRY,1143142,16
LIV,1143158,16
NUNZIO,1143174,16
OFER,1143190,16
ORRIN,1143206,16
SAWSAN,1143222,16
SERGIY,1143238,16
SPIRO,1143254,16
SYLVAIN,1143270,16
SYLWIA,1143286,16
TOMISLAV,1143302,16
VAHAN,1143318,16
FELIPE,1143333,15
REYNALDO,1143348,15
MOISES,1143363,15
OCTAVIO,1143378,15
LIN,1143393,15
TAI,1143408,15
AURELIO,1143423,15
SANJEEV,1143438,15
OSVALDO,1143453,15
JOHNSON,1143468,15
SURINDER,1143483,15
MUKESH,1143498,15
AUGUSTO,1143513,15
RAVINDER,1143528,15
VIKRAM,1143543,15
MANJIT,1143558,15
HARPREET,1143573,15
NAVEEN,1143588,15
REKHA,1143603,15
LINO,1143618,15
ANDERSON,1143633,15
JAI,1143648,15
CLEVELAND,1143663,15
QUINCY,1143678,15
LUAN,1143693,15
SAYED,1143708,15
ROSHAN,1143723,15
ANWAR,1143738,15
MASOOD,1143753,15
CAESAR,1143768,15
ADMIR,1143783,15
ALF,1143798,15
BAXTER,1143813,15
BRIENNE,1143828,15
BRITA,1143843,15
DARKO,1143858,15
GERRIE,1143873,15
GUSTAV,1143888,15
ILIAS,1143903,15
JACY,1143918,15
JOANI,1143933,15
JOHNPAUL,1143948,15
KELLEEN,1143963,15
LAIRD,1143978,15
MILOS,1143993,15
NICHOLAUS,1144008,15
RANDON,1144023,15
RONEN,1144038,15
SANDER,1144053,15
SHILOH,1144068,15
SHMUEL,1144083,15
SLAVICA,1144098,15
STEFFEN,1144113,15
TALIN,1144128,15
TZVI,1144143,15
VAHIK,1144158,15
WITOLD,1144173,15
YEFIM,1144188,15
AGUSTIN,1144202,14
VIRGILIO,1144216,14
PRASHANT,1144230,14
NITIN,1144244,14
SUDHA,1144258,14
PERCY,1144272,14
SHAHID,1144286,14
WILLY,1144300,14
MALIK,1144314,14
NALINI,1144328,14
AKBAR,1144342,14
CIRO,1144356,14
ANILA,1144370,14
GONZALO,1144383,13
ESTEBAN,1144396,13
GREGORIO,1144409,13
CHONG,1144422,13
EDGARDO,1144435,13
AJIT,1144448,13
GANESH,1144461,13
RONALDO,1144474,13
SAMSON,1144487,13
GURPREET,1144500,13
KUMAR,1144513,13
HARI,1144526,13
NIKHIL,1144539,13
PREM,1144552,13
ABNER,1144565,13
ASHWIN,1144578,13
RONY,1144591,13
FARIDA,1144604,13
YOUNG,1144616,12
ROGELIO,1144628,12
VICENTE,1144640,12
EFRAIN,1144652,12
BENITO,1144664,12
LEOPOLDO,1144676,12
BERNARDO,1144688,12
MANOJ,1144700,12
ROHIT,1144712,12
VIJAYA,1144724,12
MAHENDRA,1144736,12
SWATI,1144748,12
KALPANA,1144760,12
CAM,1144772,12
AMITA,1144784,12
CRISPIN,1144796,12
LORETO,1144808,12
ASIF,1144820,12
CONSTANTINO,1144832,12
JESSY,1144844,12
NADEEM,1144856,12
ASMA,1144868,12
ASIM,1144880,12
ISSAC,1144892,12
JIN,1144903,11
DOMINGO,1144914,11
SUN,1144925,11
LEONEL,1144936,11
LUCIO,1144947,11
RASHMI,1144958,11
CLEMENTE,1144969,11
NILESH,1144980,11
VISHAL,1144991,11
MEENA,1145002,11
PARAMJIT,1145013,11
KAVITA,1145024,11
SHAILESH,1145035,11
ANJALI,1145046,11
RAJA,1145057,11
PRITI,1145068,11
PRAVIN,1145079,11
JATINDER,1145090,11
HUEY,1145101,11
ARSENIO,1145112,11
ARIF,1145123,11
ARTI,1145134,11
BIPIN,1145145,11
ROQUE,1145156,11
HERIBERTO,1145166,10
LE,1145176,10
JYOTI,1145186,10
HERNAN,1145196,10
MANISHA,1145206,10
ATUL,1145216,10
MADHU,1145226,10
URIEL,1145236,10
HARJINDER,1145246,10
SONAL,1145256,10
NEHA,1145266,10
ARUNA,1145276,10
VENKAT,1145286,10
JAGDISH,1145296,10
NIRMAL,1145306,10
RICO,1145316,10
AUGUSTIN,1145326,10
NOE,1145335,9
MARCELINO,1145344,9
HORACIO,1145353,9
PRADEEP,1145362,9
SACHIN,1145371,9
EDMUNDO,1145380,9
FAUSTO,1145389,9
SHILPA,1145398,9
SANTOSH,1145407,9
PRIYA,1145416,9
NARESH,1145425,9
SANGEETA,1145434,9
RAMA,1145443,9
VIPUL,1145452,9
FELICIANO,1145461,9
PARESH,1145470,9
VEENA,1145479,9
SOHAIL,1145488,9
ANSELMO,1145497,9
APARNA,1145506,9
PARAG,1145515,9
HEMANT,1145524,9
NEELAM,1145533,9
CORNELL,1145542,9
MEHUL,1145551,9
VIDYA,1145560,9
IQBAL,1145569,9
SHANKAR,1145578,9
BALDEV,1145587,9
SHARAD,1145596,9
JAYANT,1145605,9
LILIBETH,1145614,9
RASHID,1145623,9
ANH,1145631,8
FIDEL,1145639,8
TAM,1145647,8
ISIDRO,1145655,8
EFREN,1145663,8
PANKAJ,1145671,8
LAKSHMI,1145679,8
KING,1145687,8
JASWINDER,1145695,8
ALPHONSO,1145703,8
SMITA,1145711,8
ARCHANA,1145719,8
HARISH,1145727,8
GAURAV,1145735,8
MYONG,1145743,8
NEERAJ,1145751,8
SURENDRA,1145759,8
INDERJIT,1145767,8
LEANDRO,1145775,8
MILIND,1145783,8
SUSHIL,1145791,8
BHAVNA,1145799,8
SUKHWINDER,1145807,8
CAMILO,1145815,8
PADMA,1145823,8
BINA,1145831,8
SHEELA,1145839,8
RUBINA,1145847,8
ADAN,1145854,7
ABELARDO,1145861,7
PRASAD,1145868,7
CHAN,1145875,7
SRIDHAR,1145882,7
REINALDO,1145889,7
FE,1145896,7
NARENDRA,1145903,7
UMA,1145910,7
SANJIV,1145917,7
SUMIT,1145924,7
AMARJIT,1145931,7
DIPAK,1145938,7
ULYSSES,1145945,7
KISHORE,1145952,7
PARMINDER,1145959,7
KY,1145966,7
CHETAN,1145973,7
TUSHAR,1145980,7
SABINO,1145987,7
VAISHALI,1145994,7
ARNALDO,1146001,7
VARSHA,1146008,7
ALOK,1146015,7
POONAM,1146022,7
KAMALJIT,1146029,7
RENU,1146036,7
ELPIDIO,1146043,7
SANGITA,1146050,7
ROHAN,1146057,7
ANJANA,1146064,7
BALWINDER,1146071,7
UDAY,1146078,7
RENUKA,1146085,7
MAMTA,1146092,7
NEETA,1146099,7
BHUPINDER,1146106,7
HONG,1146112,6
TUAN,1146118,6
CHI,1146124,6
YING,1146130,6
MEI,1146136,6
KYUNG,1146142,6
LINH,1146148,6
BING,1146154,6
HAN,1146160,6
ELOY,1146166,6
NORBERTO,1146172,6
TEODORO,1146178,6
FAUSTINO,1146184,6
ANURADHA,1146190,6
PATRICIO,1146196,6
KAMLESH,1146202,6
SALOMON,1146208,6
ALONSO,1146214,6
FLAVIO,1146220,6
MURALI,1146226,6
SERAFIN,1146232,6
GOPAL,1146238,6
MAXIMO,1146244,6
EMILIANO,1146250,6
BALAJI,1146256,6
SUMAN,1146262,6
SANDHYA,1146268,6
RITU,1146274,6
JIGNESH,1146280,6
ALKA,1146286,6
KETAN,1146292,6
HARINDER,1146298,6
KAUSHIK,1146304,6
CECILIO,1146310,6
SUDHAKAR,1146316,6
HITESH,1146322,6
CAN,1146328,6
MEERA,1146334,6
RITESH,1146340,6
SHYAM,1146346,6
NAPOLEON,1146352,6
SHASHI,1146358,6
PIYUSH,1146364,6
SHALINI,1146370,6
NARCISO,1146376,6
KARTHIK,1146382,6
MAYANK,1146388,6
DE,1146394,6
PAULINO,1146400,6
TEOFILO,1146406,6
SUNG,1146411,5
RIGOBERTO,1146416,5
YU,1146421,5
SANG,1146426,5
JING,1146431,5
DONG,1146436,5
BINH,1146441,5
TAN,1146446,5
RAYMUNDO,1146451,5
SONG,1146456,5
SU,1146461,5
RAJEEV,1146466,5
CELSO,1146471,5
FREDY,1146476,5
DEEPA,1146481,5
SUDHIR,1146486,5
ANIBAL,1146491,5
FLORENCIO,1146496,5
NARINDER,1146501,5
REY,1146506,5
MADHAVI,1146511,5
RAVINDRA,1146516,5
VENKATESH,1146521,5
RAJU,1146526,5
ROMMEL,1146531,5
PARUL,1146536,5
JITENDRA,1146541,5
HINA,1146546,5
NIRMALA,1146551,5
GAUTAM,1146556,5
JACINTO,1146561,5
SIVAKUMAR,1146566,5
ARNEL,1146571,5
GEETHA,1146576,5
TITO,1146581,5
JASBIR,1146586,5
SAVITA,1146591,5
HERMINIO,1146596,5
BERNARDINO,1146601,5
SRIRAM,1146606,5
ABHIJIT,1146611,5
ANUP,1146616,5
RAMAN,1146621,5
KAVITHA,1146626,5
MANU,1146631,5
VIDAL,1146636,5
ANJU,1146641,5
HEMA,1146646,5
NAVIN,1146651,5
MANJULA,1146656,5
MANPREET,1146661,5
CELESTINO,1146666,5
THANH,1146670,4
JUN,1146674,4
MING,1146678,4
PHUONG,1146682,4
DUNG,1146686,4
YI,1146690,4
SON,1146694,4
VINH,1146698,4
CHUN,1146702,4
PING,1146706,4
TRI,1146710,4
AN,1146714,4
QING,1146718,4
JOSUE,1146722,4
TIEN,1146726,4
VINAY,1146730,4
ROOSEVELT,1146734,4
EUSEBIO,1146738,4
WAN,1146742,4
CRISTOBAL,1146746,4
GIRISH,1146750,4
JOSELITO,1146754,4
SRIKANTH,1146758,4
ROMULO,1146762,4
LAURO,1146766,4
JAYESH,1146770,4
CANDELARIO,1146774,4
UMESH,1146778,4
KULWINDER,1146782,4
EDILBERTO,1146786,4
MAXIMILIANO,1146790,4
MANJU,1146794,4
HETAL,1146798,4
SI,1146802,4
CANDIDO,1146806,4
PRINCE,1146810,4
TARUN,1146814,4
GASPAR,1146818,4
HUNG,1146821,3
WEI,1146824,3
MINH,1146827,3
LI,1146830,3
DUC,1146833,3
CHANG,1146836,3
JIE,1146839,3
EUN,1146842,3
QUAN,1146845,3
SOON,1146848,3
VU,1146851,3
TAE,1146854,3
BIN,1146857,3
BYUNG,1146860,3
SEUNG,1146863,3
LOAN,1146866,3
MY,1146869,3
KI,1146872,3
LAZARO,1146875,3
TIN,1146878,3
EZEQUIEL,1146881,3
SRINIVASA,1146884,3
KWANG,1146887,3
JERMAINE,1146890,3
ADALBERTO,1146893,3
FERMIN,1146896,3
ISAIAS,1146899,3
AMADO,1146902,3
FLORENTINO,1146905,3
TING,1146908,3
ARNOLDO,1146911,3
QUYNH,1146914,3
CHEN,1146917,3
FILIBERTO,1146920,3
SAI,1146923,3
SRINIVASAN,1146926,3
YIN,1146929,3
CONRADO,1146932,3
THI,1146935,3
GERONIMO,1146938,3
CHIRAG,1146941,3
CIPRIANO,1146944,3
MISAEL,1146947,3
ERASMO,1146950,3
VANDANA,1146953,3
ULISES,1146956,3
LIAN,1146959,3
KULWANT,1146962,3
GILDARDO,1146965,3
PREETI,1146968,3
ANKUR,1146971,3
SHIN,1146974,3
AVELINO,1146977,3
CHITRA,1146980,3
SENG,1146983,3
HIMANSHU,1146986,3
CORNELIO,1146989,3
MIN,1146991,2
HAI,1146993,2
JUNG,1146995,2
CHUNG,1146997,2
XIAO,1146999,2
KHANH,1147001,2
HYUN,1147003,2
LEI,1147005,2
PHONG,1147007,2
BAO,1147009,2
SHU,1147011,2
ELISEO,1147013,2
ARNULFO,1147015,2
YEN,1147017,2
TUNG,1147019,2
NGOC,1147021,2
THANG,1147023,2
GENARO,1147025,2
ZHI,1147027,2
HANG,1147029,2
MAN,1147031,2
SOO,1147033,2
WON,1147035,2
CHAO,1147037,2
CHUONG,1147039,2
JI,1147041,2
PHUC,1147043,2
NGHIA,1147045,2
JAIRO,1147047,2
CHING,1147049,2
NING,1147051,2
TOAN,1147053,2
PASCUAL,1147055,2
SAN,1147057,2
FAN,1147059,2
HUE,1147061,2
HEE,1147063,2
BONIFACIO,1147065,2
BALTAZAR,1147067,2
KHOA,1147069,2
ELEAZAR,1147071,2
PORFIRIO,1147073,2
HIPOLITO,1147075,2
KIET,1147077,2
OSWALDO,1147079,2
DEMETRIO,1147081,2
DIONISIO,1147083,2
ROSALIO,1147085,2
MOON,1147087,2
DAI,1147089,2
YOGESH,1147091,2
UBALDO,1147093,2
MA,1147095,2
DELFINO,1147097,2
TRAM,1147099,2
BLAS,1147101,2
CHU,1147103,2
HOAN,1147105,2
AI,1147107,2
DALJIT,1147109,2
SUBHASH,1147111,2
MAXIMINO,1147113,2
FIDENCIO,1147115,2
JIAN,1147116,1
LONG,1147117,1
HOA,1147118,1
CUONG,1147119,1
WAI,1147120,1
HOANG,1147121,1
WEN,1147122,1
XIN,1147123,1
NAM,1147124,1
QUANG,1147125,1
CHENG,1147126,1
CHAU,1147127,1
TAO,1147128,1
LING,1147129,1
LOC,1147130,1
YUE,1147131,1
ROSENDO,1147132,1
QI,1147133,1
JIA,1147134,1
HIEU,1147135,1
GANG,1147136,1
LIANG,1147137,1
THUAN,1147138,1
QUOC,1147139,1
HILARIO,1147140,1
HIEP,1147141,1
YAO,1147142,1
THINH,1147143,1
XUAN,1147144,1
EVERARDO,1147145,1
ARTEMIO,1147146,1
REYES,1147147,1
LY,1147148,1
NGUYEN,1147149,1
DIEP,1147150,1
JOON,1147151,1
LOI,1147152,1
FEI,1147153,1
YOON,1147154,1
THO,1147155,1
JUSTO,1147156,1
PHUNG,1147157,1
OANH,1147158,1
SEGUNDO,1147159,1
XING,1147160,1
KHOI,1147161,1
GUANG,1147162,1
YEE,1147163,1
XI,1147164,1
HENG,1147165,1
LIEM,1147166,1
HYUNG,1147167,1
PHUOC,1147168,1
SEONG,1147169,1
DUONG,1147170,1
QUY,1147171,1
DAO,1147172,1
GABINO,1147173,1
AMADOR,1147174,1
BONG,1147175,1
JUVENTINO,1147176,1
CHUAN,1147177,1
NGAN,1147178,1
TAK,1147179,1
YE,1147180,1
PHI,1147181,1
JUANITO,1147182,1
BERNABE,1147183,1
HOMERO,1147184,1
MAO,1147185,1